city,lat,lng,country,iso2,admin_name,capital,population,population_proper
Bogotá,4.6126,-74.0705,Colombia,CO,Bogotá,primary,9464000,7963000
Medellín,6.2447,-75.5748,Colombia,CO,Antioquia,admin,2529403,2529403
Cali,3.4400,-76.5197,Colombia,CO,Valle del Cauca,admin,2471474,2471474
Barranquilla,10.9600,-74.8000,Colombia,CO,Atlántico,admin,1798000,1244491
Cartagena,10.4236,-75.5253,Colombia,CO,Bolívar,admin,1036412,1036412
Cúcuta,7.9075,-72.5047,Colombia,CO,Norte de Santander,admin,750000,750000
Soledad,10.9200,-74.7700,Colombia,CO,Atlántico,minor,698852,342556
Bucaramanga,7.1186,-73.1161,Colombia,CO,Santander,admin,581130,581130
Pereira,4.8104,-75.6800,Colombia,CO,Risaralda,admin,568750,440118
Ibagué,4.4378,-75.2006,Colombia,CO,Tolima,admin,541101,541101
Villavicencio,4.1425,-73.6294,Colombia,CO,Meta,admin,527668,527668
Bello,6.3300,-75.5700,Colombia,CO,Antioquia,minor,519670,392939
Santa Marta,11.2361,-74.2017,Colombia,CO,Magdalena,admin,515556,515556
Valledupar,10.4603,-73.2597,Colombia,CO,Cesar,admin,490075,490075
Montería,8.7600,-75.8856,Colombia,CO,Córdoba,admin,460223,460223
Pasto,1.2136,-77.2811,Colombia,CO,Nariño,admin,382236,360041
Manizales,5.0600,-75.5200,Colombia,CO,Caldas,admin,375848,357814
Neiva,2.9275,-75.2875,Colombia,CO,Huila,admin,316033,316033
Armenia,4.5389,-75.6725,Colombia,CO,Quindío,admin,301226,301226
Popayán,2.4411,-76.6061,Colombia,CO,Cauca,admin,300837,300837
Sincelejo,9.2994,-75.3958,Colombia,CO,Sucre,admin,279031,279031
Buenaventura,3.8724,-77.0505,Colombia,CO,Valle del Cauca,minor,252805,240387
Barrancabermeja,7.0900,-73.8500,Colombia,CO,Santander,minor,191403,164201
Tunja,5.5403,-73.3614,Colombia,CO,Boyacá,admin,179263,179263
Ríohacha,11.5442,-72.9069,Colombia,CO,La Guajira,admin,167865,167865
Tuluá,4.0904,-76.2100,Colombia,CO,Valle del Cauca,minor,165501,163062
Florencia,1.6142,-75.6117,Colombia,CO,Caquetá,admin,143871,143871
Cartago,4.7500,-75.9100,Colombia,CO,Valle del Cauca,minor,134827,111513
Ciénaga,11.0104,-74.2500,Colombia,CO,Magdalena,minor,131171,88311
Quibdó,5.6923,-76.6582,Colombia,CO,Chocó,admin,130825,130825
Girardot,4.3100,-74.8100,Colombia,CO,Cundinamarca,minor,130289,113372
Sogamoso,5.7200,-72.9400,Colombia,CO,Boyacá,minor,126551,113592
Ipiales,0.8289,-77.6406,Colombia,CO,Nariño,minor,109116,109116
Duitama,5.8305,-73.0200,Colombia,CO,Boyacá,minor,101156,92040
Magangué,9.2300,-74.7400,Colombia,CO,Bolívar,minor,100313,89511
Arauca,7.0903,-70.7617,Colombia,CO,Arauca,admin,96814,96814
Tumaco,1.8100,-78.8100,Colombia,CO,Nariño,minor,86713,86713
Ocaña,8.2404,-73.3500,Colombia,CO,Norte de Santander,minor,83511,83292
San Andrés,12.5847,-81.7006,Colombia,CO,San Andrés y Providencia,admin,71946,71946
Villa del Rosario,7.8353,-72.4736,Colombia,CO,Norte de Santander,minor,69833,69833
San José del Guaviare,2.5653,-72.6386,Colombia,CO,Guaviare,admin,68878,68878
Sabanalarga,10.6400,-74.9200,Colombia,CO,Atlántico,minor,68535,63027
Yopal,5.3470,-72.4060,Colombia,CO,Casanare,admin,61029,61029
El Carmen de Bolívar,9.7204,-75.1300,Colombia,CO,Bolívar,minor,60980,47957
Garzón,2.2104,-75.6500,Colombia,CO,Huila,minor,56603,29451
El Banco,9.0003,-73.9800,Colombia,CO,Magdalena,minor,54522,24735
Chiquinquirá,5.6204,-73.8199,Colombia,CO,Boyacá,minor,53975,45294
Pamplona,7.3904,-72.6600,Colombia,CO,Norte de Santander,minor,53587,52247
Lorica,9.2419,-75.8160,Colombia,CO,Córdoba,minor,52771,40605
Turbo,8.1004,-76.7400,Colombia,CO,Antioquia,minor,50508,34007
Arjona,10.2600,-75.3500,Colombia,CO,Bolívar,minor,50405,44045
Honda,5.1903,-74.7500,Colombia,CO,Tolima,minor,35469,28158
Yarumal,7.0306,-75.5905,Colombia,CO,Antioquia,,35315,35315
Puerto Berrío,6.4804,-74.4200,Colombia,CO,Antioquia,minor,33983,32405
Túquerres,1.0900,-77.6199,Colombia,CO,Nariño,minor,33979,20184
Leticia,-4.2150,-69.9411,Colombia,CO,Amazonas,admin,32450,32450
Tame,6.4603,-71.7400,Colombia,CO,Arauca,minor,29099,20961
Mitú,1.2503,-70.2350,Colombia,CO,Vaupés,admin,28382,28382
Santiago de Tolú,9.5358,-75.5720,Colombia,CO,Sucre,minor,27390,12049
Socorro,6.4603,-73.2700,Colombia,CO,Santander,minor,24895,17752
Ayapel,8.3304,-75.1500,Colombia,CO,Córdoba,minor,23639,22602
Campoalegre,2.6900,-75.3300,Colombia,CO,Huila,minor,22568,11549
Mocoa,1.1500,-76.6300,Colombia,CO,Putumayo,admin,22035,22035
San Jacinto,9.8311,-75.1219,Colombia,CO,Bolívar,minor,21644,21644
Sonsón,5.7166,-75.3166,Colombia,CO,Antioquia,minor,18817,17232
Puerto Carreño,6.1889,-67.4858,Colombia,CO,Vichada,admin,16763,16763
Puerto López,4.0900,-72.9600,Colombia,CO,Meta,minor,16678,7649
San Martín,3.6904,-73.6900,Colombia,CO,Meta,minor,16273,8335
Guapí,2.5604,-77.8600,Colombia,CO,Cauca,minor,13853,13853
Inírida,3.8540,-67.9061,Colombia,CO,Guainía,admin,9065,7298
Puerto Nariño,-3.7703,-70.3831,Colombia,CO,Amazonas,minor,6816,6816
Orocué,4.7946,-71.3400,Colombia,CO,Casanare,minor,2835,1418
Nuquí,5.6852,-77.2745,Colombia,CO,Chocó,minor,2741,233
Juradó,7.1114,-77.7714,Colombia,CO,Chocó,minor,2351,2351
San Vicente del Caguán,2.0704,-74.6400,Colombia,CO,Caquetá,minor,1500,1000
Guatapé,6.2325,-75.1586,Colombia,CO,Antioquia,minor,8.363,8.363
Itagüí,6.1846,-75.5991,Colombia,CO,Antioquia,minor,,
Envigado,6.1759,-75.5917,Colombia,CO,Antioquia,minor,,
Sabaneta,6.1513,-75.6172,Colombia,CO,Antioquia,minor,,
Soacha,4.5794,-74.2168,Colombia,CO,Cundinamarca,minor,,
Floridablanca,7.0622,-73.0864,Colombia,CO,Santander,minor,,
Dosquebradas,4.8392,-75.6673,Colombia,CO,Risaralda,minor,,
Chía,4.8588,-74.0587,Colombia,CO,Cundinamarca,minor,,
La Estrella,6.1577,-75.6432,Colombia,CO,Antioquia,minor,,
Mosquera,4.7059,-74.2302,Colombia,CO,Cundinamarca,minor,,
Malambo,10.8595,-74.7739,Colombia,CO,Atlántico,minor,,
Funza,4.7164,-74.2120,Colombia,CO,Cundinamarca,minor,,
Cajicá,4.9186,-74.0280,Colombia,CO,Cundinamarca,minor,,
Copacabana,6.3463,-75.5089,Colombia,CO,Antioquia,minor,,
La Virginia,4.8997,-75.8825,Colombia,CO,Risaralda,minor,,
Facatativá,4.8137,-74.3545,Colombia,CO,Cundinamarca,minor,,
Sabanagrande,10.7897,-74.7566,Colombia,CO,Atlántico,minor,,
Madrid,4.7324,-74.2642,Colombia,CO,Cundinamarca,minor,,
Fusagasugá,4.3365,-74.3638,Colombia,CO,Cundinamarca,minor,,
Los Patios,7.8379,-72.5037,Colombia,CO,Norte de Santander,minor,,
Zipaquirá,5.0221,-74.0048,Colombia,CO,Cundinamarca,minor,,
Girardota,6.3775,-75.4488,Colombia,CO,Antioquia,minor,,
Tocancipá,4.9653,-73.9130,Colombia,CO,Cundinamarca,minor,,
Caldas,6.0911,-75.6357,Colombia,CO,Antioquia,minor,,
Rionegro,6.1551,-75.3737,Colombia,CO,Antioquia,minor,,
Barbosa,5.9317,-73.6151,Colombia,CO,Santander,minor,,
San José,1.4745,-77.0814,Colombia,CO,Nariño,minor,,
Galapa,10.8969,-74.8860,Colombia,CO,Atlántico,minor,,
Cota,4.8094,-74.0980,Colombia,CO,Cundinamarca,minor,,
Yumbo,3.5823,-76.4915,Colombia,CO,Valle del Cauca,minor,,
Alcalá,4.6747,-75.7825,Colombia,CO,Valle del Cauca,minor,,
La Tebaida,4.4526,-75.7875,Colombia,CO,Quindío,minor,,
Baranoa,10.7941,-74.9164,Colombia,CO,Atlántico,minor,,
Tabio,4.9173,-74.0936,Colombia,CO,Cundinamarca,minor,,
Marinilla,6.1736,-75.3362,Colombia,CO,Antioquia,minor,,
Turbaco,10.3294,-75.4114,Colombia,CO,Bolívar,minor,,
Chinchiná,4.9825,-75.6036,Colombia,CO,Caldas,minor,,
Gachancipá,4.9911,-73.8715,Colombia,CO,Cundinamarca,minor,,
Puerto Colombia,10.9878,-74.9547,Colombia,CO,Atlántico,minor,,
La Ceja,6.0308,-75.4315,Colombia,CO,Antioquia,minor,,
Girón,7.0682,-73.1698,Colombia,CO,Santander,minor,,
Santuario,6.1383,-75.2642,Colombia,CO,Antioquia,minor,,
Puerto Tejada,3.2311,-76.4167,Colombia,CO,Cauca,minor,,
Villa de San Diego de Ubaté,5.3093,-73.8157,Colombia,CO,Cundinamarca,minor,,
Amagá,6.0400,-75.7032,Colombia,CO,Antioquia,minor,,
Espinal,4.1492,-74.8843,Colombia,CO,Tolima,minor,,
Calarcá,4.5295,-75.6409,Colombia,CO,Quindío,minor,,
Cereté,8.8848,-75.7905,Colombia,CO,Córdoba,minor,,
Sibaté,4.4915,-74.2596,Colombia,CO,Cundinamarca,minor,,
Sesquilé,5.0446,-73.7972,Colombia,CO,Cundinamarca,minor,,
Santo Tomás,10.7577,-74.7545,Colombia,CO,Atlántico,minor,,
Flandes,4.2840,-74.8142,Colombia,CO,Tolima,minor,,
Palmar de Varela,10.7405,-74.7544,Colombia,CO,Atlántico,minor,,
Piedecuesta,6.9879,-73.0495,Colombia,CO,Santander,minor,,
Nobsa,5.7698,-72.9410,Colombia,CO,Boyacá,minor,,
San Gil,6.5557,-73.1331,Colombia,CO,Santander,minor,,
Málaga,6.6990,-72.7323,Colombia,CO,Santander,minor,,
La Unión,4.5328,-76.1032,Colombia,CO,Valle del Cauca,minor,,
Circasia,4.6189,-75.6358,Colombia,CO,Quindío,minor,,
San Bernardo,1.5152,-77.0468,Colombia,CO,Nariño,minor,,
Palmira,3.5394,-76.3036,Colombia,CO,Valle del Cauca,minor,,
Sopó,4.9075,-73.9384,Colombia,CO,Cundinamarca,minor,,
Providencia,1.2391,-77.5972,Colombia,CO,Nariño,minor,,
Coveñas,9.4025,-75.6803,Colombia,CO,Sucre,minor,,
Montenegro,4.5664,-75.7511,Colombia,CO,Quindío,minor,,
Ponedera,10.6430,-74.7539,Colombia,CO,Atlántico,minor,,
Pinillos,8.9192,-74.4677,Colombia,CO,Bolívar,minor,,
Candelaria,3.4067,-76.3482,Colombia,CO,Valle del Cauca,minor,,
Apartadó,7.8830,-76.6259,Colombia,CO,Antioquia,minor,,
Guarne,6.2805,-75.4435,Colombia,CO,Antioquia,minor,,
Guateque,5.0062,-73.4727,Colombia,CO,Boyacá,minor,,
Piendamó,2.6479,-76.5348,Colombia,CO,Cauca,minor,,
Jamundí,3.2607,-76.5350,Colombia,CO,Valle del Cauca,minor,,
Miranda,3.2528,-76.2292,Colombia,CO,Cauca,minor,,
San Andrés de Sotavento,9.1448,-75.5088,Colombia,CO,Córdoba,minor,,
Tuchín,9.1866,-75.5547,Colombia,CO,Córdoba,minor,,
Sandoná,1.2863,-77.4692,Colombia,CO,Nariño,minor,,
Quimbaya,4.6333,-75.7667,Colombia,CO,Quindío,minor,,
Sahagún,8.9462,-75.4427,Colombia,CO,Córdoba,minor,,
Marmato,5.4750,-75.6004,Colombia,CO,Caldas,minor,,
Barbosa,6.4381,-75.3314,Colombia,CO,Antioquia,minor,,
Corozal,9.3185,-75.2933,Colombia,CO,Sucre,minor,,
Suan,10.3335,-74.8802,Colombia,CO,Atlántico,minor,,
Santa Isabel,13.3817,-81.3689,Colombia,CO,San Andrés y Providencia,minor,,
Cisneros,6.5383,-75.0886,Colombia,CO,Antioquia,minor,,
La Mesa,4.6303,-74.4625,Colombia,CO,Cundinamarca,minor,,
Supía,5.4530,-75.6507,Colombia,CO,Caldas,minor,,
Pitalito,1.8497,-76.0478,Colombia,CO,Huila,minor,,
Polonuevo,10.7770,-74.8534,Colombia,CO,Atlántico,minor,,
Guacarí,3.7638,-76.3329,Colombia,CO,Valle del Cauca,minor,,
Villa Rica,3.1748,-76.4620,Colombia,CO,Cauca,minor,,
Quinchía,5.3396,-75.7302,Colombia,CO,Risaralda,minor,,
Melgar,4.2047,-74.6407,Colombia,CO,Tolima,minor,,
Palmar,6.5377,-73.2923,Colombia,CO,Santander,minor,,
El Rosal,4.8531,-74.2600,Colombia,CO,Cundinamarca,minor,,
Puerto Santander,8.3636,-72.4075,Colombia,CO,Norte de Santander,minor,,
Granada,3.5462,-73.7069,Colombia,CO,Meta,minor,,
Sibundoy,1.2024,-76.9177,Colombia,CO,Putumayo,minor,,
Cotorra,9.0389,-75.7897,Colombia,CO,Córdoba,minor,,
El Colegio,4.5810,-74.4429,Colombia,CO,Cundinamarca,minor,,
Cachipay,4.7304,-74.4366,Colombia,CO,Cundinamarca,minor,,
Gualmatán,0.9199,-77.5674,Colombia,CO,Nariño,minor,,
Sampués,9.1836,-75.3817,Colombia,CO,Sucre,minor,,
Santander de Quilichao,3.0095,-76.4849,Colombia,CO,Cauca,minor,,
Buenos Aires,3.0150,-76.6428,Colombia,CO,Cauca,minor,,
Belén,1.5979,-77.0140,Colombia,CO,Nariño,minor,,
Cogua,5.0605,-73.9793,Colombia,CO,Cundinamarca,minor,,
Recetor,5.2295,-72.7610,Colombia,CO,Casanare,minor,,
Coello,4.2891,-74.8982,Colombia,CO,Tolima,minor,,
Tena,4.6600,-74.3926,Colombia,CO,Cundinamarca,minor,,
Timbío,2.3502,-76.6834,Colombia,CO,Cauca,minor,,
Tibasosa,5.7500,-73.0000,Colombia,CO,Boyacá,minor,,
Tenjo,4.8727,-74.1444,Colombia,CO,Cundinamarca,minor,,
Génova,1.6437,-77.0192,Colombia,CO,Nariño,minor,,
Granada,4.5200,-74.3526,Colombia,CO,Cundinamarca,minor,,
Marquetalia,5.2966,-75.0550,Colombia,CO,Caldas,minor,,
Santa Rosa,10.4447,-75.3697,Colombia,CO,Bolívar,minor,,
La Unión,1.6045,-77.1315,Colombia,CO,Nariño,minor,,
Villeta,5.0089,-74.4723,Colombia,CO,Cundinamarca,minor,,
Riosucio,5.4216,-75.7032,Colombia,CO,Caldas,minor,,
Motavita,5.5765,-73.3670,Colombia,CO,Boyacá,minor,,
Peñol,6.2191,-75.2433,Colombia,CO,Antioquia,minor,,
Tiquisio,8.5564,-74.2633,Colombia,CO,Bolívar,minor,,
San Pablo,1.6715,-77.0141,Colombia,CO,Nariño,minor,,
Campo de la Cruz,10.3781,-74.8836,Colombia,CO,Atlántico,minor,,
Guática,5.3157,-75.7983,Colombia,CO,Risaralda,minor,,
Clemencia,10.5665,-75.3250,Colombia,CO,Bolívar,minor,,
Pradera,3.4211,-76.2447,Colombia,CO,Valle del Cauca,minor,,
Villamaría,5.0457,-75.5147,Colombia,CO,Caldas,minor,,
Contadero,0.9084,-77.5477,Colombia,CO,Nariño,minor,,
Nilo,4.3060,-74.6208,Colombia,CO,Cundinamarca,minor,,
Guachavés,1.2224,-77.6777,Colombia,CO,Nariño,minor,,
La Pintada,5.7487,-75.6063,Colombia,CO,Antioquia,minor,,
Pupiales,0.8714,-77.6403,Colombia,CO,Nariño,minor,,
Marsella,4.9372,-75.7378,Colombia,CO,Risaralda,minor,,
Susa,5.4519,-73.8144,Colombia,CO,Cundinamarca,minor,,
Ulloa,4.7044,-75.7403,Colombia,CO,Valle del Cauca,minor,,
Villanueva,10.4436,-75.2731,Colombia,CO,Bolívar,minor,,
Cicuco,9.2776,-74.6431,Colombia,CO,Bolívar,minor,,
La Dorada,5.4478,-74.6631,Colombia,CO,Caldas,minor,,
Florida,3.3223,-76.2348,Colombia,CO,Valle del Cauca,minor,,
San Cristóbal,10.3952,-75.0656,Colombia,CO,Bolívar,minor,,
Líbano,4.9218,-75.0623,Colombia,CO,Tolima,minor,,
San Bernardo del Viento,9.3533,-75.9524,Colombia,CO,Córdoba,minor,,
San Antonio del Tequendama,4.6162,-74.3520,Colombia,CO,Cundinamarca,minor,,
Belén de Umbría,5.2009,-75.8687,Colombia,CO,Risaralda,minor,,
Caicedonia,4.3324,-75.8267,Colombia,CO,Valle del Cauca,minor,,
Guadalajara de Buga,3.9009,-76.2978,Colombia,CO,Valle del Cauca,minor,,
Andalucía,4.1706,-76.1664,Colombia,CO,Valle del Cauca,minor,,
Roldanillo,4.4126,-76.1546,Colombia,CO,Valle del Cauca,minor,,
Filandia,4.6747,-75.6583,Colombia,CO,Quindío,minor,,
Anserma,5.2348,-75.7846,Colombia,CO,Caldas,minor,,
Prado-Sevilla,10.7634,-74.1392,Colombia,CO,Magdalena,minor,,
Palocabildo,5.1170,-75.0173,Colombia,CO,Tolima,minor,,
Villa de Leyva,5.6341,-73.5244,Colombia,CO,Boyacá,minor,,
Cáqueza,4.4057,-73.9468,Colombia,CO,Cundinamarca,minor,,
Puebloviejo,10.9938,-74.2844,Colombia,CO,Magdalena,minor,,
Santa Rosa de Cabal,4.8681,-75.6214,Colombia,CO,Risaralda,minor,,
Cabrera,6.5928,-73.2465,Colombia,CO,Santander,minor,,
Fresno,5.1526,-75.0362,Colombia,CO,Tolima,minor,,
Bojacá,4.7318,-74.3413,Colombia,CO,Cundinamarca,minor,,
Cartago,1.5515,-77.1195,Colombia,CO,Nariño,minor,,
Santa Lucía,10.3242,-74.9602,Colombia,CO,Atlántico,minor,,
Silvania,4.4037,-74.3867,Colombia,CO,Cundinamarca,minor,,
Ospina,1.0595,-77.5655,Colombia,CO,Nariño,minor,,
Moñitos,9.2455,-76.1302,Colombia,CO,Córdoba,minor,,
Nemocón,5.0677,-73.8777,Colombia,CO,Cundinamarca,minor,,
Simijaca,5.5029,-73.8523,Colombia,CO,Cundinamarca,minor,,
El Cerrito,3.6855,-76.3137,Colombia,CO,Valle del Cauca,minor,,
Agua de Dios,4.3765,-74.6700,Colombia,CO,Cundinamarca,minor,,
Carlosama,0.8629,-77.7273,Colombia,CO,Nariño,minor,,
Santa Bárbara,5.8746,-75.5671,Colombia,CO,Antioquia,minor,,
Aldana,0.8828,-77.7010,Colombia,CO,Nariño,minor,,
Nuevo Colón,5.3537,-73.4566,Colombia,CO,Boyacá,minor,,
Zarzal,4.3946,-76.0715,Colombia,CO,Valle del Cauca,minor,,
Nimaima,5.1261,-74.3849,Colombia,CO,Cundinamarca,minor,,
Carepa,7.7585,-76.6525,Colombia,CO,Antioquia,minor,,
Palestina,5.0161,-75.6285,Colombia,CO,Caldas,minor,,
Berruecos,1.5040,-77.1355,Colombia,CO,Nariño,minor,,
Albán,4.8766,-74.4377,Colombia,CO,Cundinamarca,minor,,
Samacá,5.4927,-73.4854,Colombia,CO,Boyacá,minor,,
Apía,5.1066,-75.9424,Colombia,CO,Risaralda,minor,,
Pueblorrico,5.7918,-75.8410,Colombia,CO,Antioquia,minor,,
Güepsa,6.0251,-73.5731,Colombia,CO,Santander,minor,,
Purísima de la Concepción,9.2366,-75.7219,Colombia,CO,Córdoba,minor,,
Chivatá,5.5582,-73.2820,Colombia,CO,Boyacá,minor,,
San Sebastián de Mariquita,5.1989,-74.8929,Colombia,CO,Tolima,minor,,
Restrepo,3.8220,-76.5224,Colombia,CO,Valle del Cauca,minor,,
La Unión,5.9743,-75.3620,Colombia,CO,Antioquia,minor,,
Ciudad Bolívar,5.8539,-76.0253,Colombia,CO,Antioquia,minor,,
San Pedro,6.4613,-75.5578,Colombia,CO,Antioquia,minor,,
Andes,5.6561,-75.8788,Colombia,CO,Antioquia,minor,,
Luruaco,10.6106,-75.1428,Colombia,CO,Atlántico,minor,,
Calamar,10.2527,-74.9157,Colombia,CO,Bolívar,minor,,
Jenesano,5.3854,-73.3636,Colombia,CO,Boyacá,minor,,
Florencia,1.6832,-77.0733,Colombia,CO,Cauca,minor,,
Anapoima,4.5510,-74.5352,Colombia,CO,Cundinamarca,minor,,
Hatonuevo,11.0676,-72.7612,Colombia,CO,La Guajira,minor,,
Aguachica,8.3084,-73.6166,Colombia,CO,Cesar,minor,,
San José,5.0822,-75.7911,Colombia,CO,Caldas,minor,,
Tópaga,5.7598,-72.8258,Colombia,CO,Boyacá,minor,,
Corinto,3.1730,-76.2627,Colombia,CO,Cauca,minor,,
Venecia,5.9628,-75.7381,Colombia,CO,Antioquia,minor,,
Titiribí,6.0628,-75.7937,Colombia,CO,Antioquia,minor,,
Cucaita,5.5437,-73.4543,Colombia,CO,Boyacá,minor,,
La Vega,2.0019,-76.7789,Colombia,CO,Cauca,minor,,
Iles,0.9704,-77.5215,Colombia,CO,Nariño,minor,,
Angelópolis,6.1107,-75.7092,Colombia,CO,Antioquia,minor,,
Carmen de Viboral,6.0824,-75.3351,Colombia,CO,Antioquia,minor,,
Santa Rosa de Viterbo,5.8740,-72.9822,Colombia,CO,Boyacá,minor,,
Padilla,3.2204,-76.3139,Colombia,CO,Cauca,minor,,
Sutatenza,5.0231,-73.4523,Colombia,CO,Boyacá,minor,,
Momil,9.2377,-75.6749,Colombia,CO,Córdoba,minor,,
María la Baja,9.9832,-75.3016,Colombia,CO,Bolívar,minor,,
Santana,6.0575,-73.4811,Colombia,CO,Boyacá,minor,,
Timaná,1.9714,-75.9312,Colombia,CO,Huila,minor,,
Risaralda,5.1665,-75.7660,Colombia,CO,Caldas,minor,,
Fredonia,5.9258,-75.6706,Colombia,CO,Antioquia,minor,,
Ventaquemada,5.3675,-73.5207,Colombia,CO,Boyacá,minor,,
Caloto,3.0359,-76.4079,Colombia,CO,Cauca,minor,,
Anolaima,4.7618,-74.4640,Colombia,CO,Cundinamarca,minor,,
Guachené,3.1333,-76.3927,Colombia,CO,Cauca,minor,,
Yacuanquer,1.1158,-77.4017,Colombia,CO,Nariño,minor,,
Ciénaga de Oro,8.8744,-75.6203,Colombia,CO,Córdoba,minor,,
Concordia,6.0464,-75.9071,Colombia,CO,Antioquia,minor,,
San Vicente,6.2853,-75.3338,Colombia,CO,Antioquia,minor,,
Manaure Balcón del Cesar,10.3928,-73.0325,Colombia,CO,Cesar,minor,,
Pinchote,6.5323,-73.1731,Colombia,CO,Santander,minor,,
Juan de Acosta,10.8293,-75.0335,Colombia,CO,Atlántico,minor,,
Donmatías,6.4857,-75.3950,Colombia,CO,Antioquia,minor,,
Manzanares,5.2540,-75.1540,Colombia,CO,Caldas,minor,,
Moniquirá,5.8764,-73.5728,Colombia,CO,Boyacá,minor,,
Zipacón,4.7588,-74.3802,Colombia,CO,Cundinamarca,minor,,
Turbaná,10.2717,-75.4422,Colombia,CO,Bolívar,minor,,
Caldono,2.7974,-76.4832,Colombia,CO,Cauca,minor,,
Suesca,5.1029,-73.7985,Colombia,CO,Cundinamarca,minor,,
Hispania,5.7993,-75.9072,Colombia,CO,Antioquia,minor,,
Repelón,10.4952,-75.1245,Colombia,CO,Atlántico,minor,,
Nariño,1.2899,-77.3572,Colombia,CO,Nariño,minor,,
Paipa,5.7801,-73.1171,Colombia,CO,Boyacá,minor,,
Chinácota,7.6073,-72.6011,Colombia,CO,Norte de Santander,minor,,
Villanueva,10.6077,-72.9790,Colombia,CO,La Guajira,minor,,
Vijes,3.6993,-76.4423,Colombia,CO,Valle del Cauca,minor,,
Cómbita,5.6331,-73.3240,Colombia,CO,Boyacá,minor,,
Boyacá,5.4537,-73.3625,Colombia,CO,Boyacá,minor,,
San Juan de Urabá,8.7592,-76.5297,Colombia,CO,Antioquia,minor,,
Almaguer,1.9147,-76.8548,Colombia,CO,Cauca,minor,,
Candelaria,10.4591,-74.8797,Colombia,CO,Atlántico,minor,,
Concordia,10.2576,-74.8333,Colombia,CO,Magdalena,minor,,
Chigorodó,7.6664,-76.6811,Colombia,CO,Antioquia,minor,,
Chachagüí,1.3613,-77.2838,Colombia,CO,Nariño,minor,,
Viterbo,5.0624,-75.8716,Colombia,CO,Caldas,minor,,
Soplaviento,10.3931,-75.1408,Colombia,CO,Bolívar,minor,,
Guachucal,0.9609,-77.7316,Colombia,CO,Nariño,minor,,
Maicao,11.3784,-72.2395,Colombia,CO,La Guajira,minor,,
Soracá,5.5005,-73.3330,Colombia,CO,Boyacá,minor,,
Manaure,11.7750,-72.4445,Colombia,CO,La Guajira,minor,,
La Vega,4.9978,-74.3398,Colombia,CO,Cundinamarca,minor,,
San Pelayo,8.9583,-75.8363,Colombia,CO,Córdoba,minor,,
San Pedro,3.9946,-76.2278,Colombia,CO,Valle del Cauca,minor,,
Mompós,9.2419,-74.4267,Colombia,CO,Bolívar,minor,,
Guadalupe,2.0248,-75.7559,Colombia,CO,Huila,minor,,
Belalcázar,4.9953,-75.8128,Colombia,CO,Caldas,minor,,
El Retén,10.6114,-74.2682,Colombia,CO,Magdalena,minor,,
Ciénega,5.4087,-73.2957,Colombia,CO,Boyacá,minor,,
La Dorada,0.3431,-76.9112,Colombia,CO,Putumayo,minor,,
Oporapa,2.0238,-75.9959,Colombia,CO,Huila,minor,,
Usiacurí,10.7431,-74.9760,Colombia,CO,Atlántico,minor,,
Sasaima,4.9638,-74.4348,Colombia,CO,Cundinamarca,minor,,
Santa Catalina,10.6036,-75.2882,Colombia,CO,Bolívar,minor,,
La Hormiga,0.4258,-76.9056,Colombia,CO,Putumayo,minor,,
Garagoa,5.0824,-73.3633,Colombia,CO,Boyacá,minor,,
Jambaló,2.7776,-76.3244,Colombia,CO,Cauca,minor,,
Tenza,5.0766,-73.4208,Colombia,CO,Boyacá,minor,,
Taminango,1.5703,-77.2804,Colombia,CO,Nariño,minor,,
Rosas,2.2609,-76.7399,Colombia,CO,Cauca,minor,,
Nocaima,5.0698,-74.3780,Colombia,CO,Cundinamarca,minor,,
Toro,4.6117,-76.0814,Colombia,CO,Valle del Cauca,minor,,
Chinú,9.1057,-75.3981,Colombia,CO,Córdoba,minor,,
Los Palmitos,9.3790,-75.2677,Colombia,CO,Sucre,minor,,
Puerto Escondido,9.0181,-76.2641,Colombia,CO,Córdoba,minor,,
Palmito,9.3319,-75.5417,Colombia,CO,Sucre,minor,,
Subachoque,4.9261,-74.1730,Colombia,CO,Cundinamarca,minor,,
La Celia,5.0033,-76.0035,Colombia,CO,Risaralda,minor,,
Jardín,5.5990,-75.8198,Colombia,CO,Antioquia,minor,,
Morroa,9.3335,-75.3054,Colombia,CO,Sucre,minor,,
La Calera,4.7207,-73.9693,Colombia,CO,Cundinamarca,minor,,
Villapinzón,5.2162,-73.5949,Colombia,CO,Cundinamarca,minor,,
San Jerónimo,6.4434,-75.7281,Colombia,CO,Antioquia,minor,,
Chocontá,5.1447,-73.6858,Colombia,CO,Cundinamarca,minor,,
Neira,5.1665,-75.5200,Colombia,CO,Caldas,minor,,
Ancuya,1.2633,-77.5138,Colombia,CO,Nariño,minor,,
Purificación,3.8587,-74.9313,Colombia,CO,Tolima,minor,,
San Francisco,4.9737,-74.2901,Colombia,CO,Cundinamarca,minor,,
Buenavista,9.3194,-74.9736,Colombia,CO,Sucre,minor,,
San Lorenzo,1.5029,-77.2154,Colombia,CO,Nariño,minor,,
Consacá,1.2081,-77.4655,Colombia,CO,Nariño,minor,,
Imués,1.0552,-77.4967,Colombia,CO,Nariño,minor,,
San Pedro,9.3956,-75.0648,Colombia,CO,Sucre,minor,,
Sutatausa,5.2478,-73.8524,Colombia,CO,Cundinamarca,minor,,
Ginebra,3.7246,-76.2667,Colombia,CO,Valle del Cauca,minor,,
Cocorná,6.0573,-75.1852,Colombia,CO,Antioquia,minor,,
González,8.3894,-73.3799,Colombia,CO,Cesar,minor,,
Urumita,10.5589,-73.0123,Colombia,CO,La Guajira,minor,,
La Cruz,1.6022,-76.9713,Colombia,CO,Nariño,minor,,
Manatí,10.4459,-74.9587,Colombia,CO,Atlántico,minor,,
Tocaima,4.4582,-74.6343,Colombia,CO,Cundinamarca,minor,,
Ricaurte,4.2808,-74.7647,Colombia,CO,Cundinamarca,minor,,
Samaniego,1.3385,-77.5957,Colombia,CO,Nariño,minor,,
Lebrija,7.1132,-73.2178,Colombia,CO,Santander,minor,,
Monguí,5.7215,-72.8491,Colombia,CO,Boyacá,minor,,
Sevilla,4.2642,-75.9309,Colombia,CO,Valle del Cauca,minor,,
Enciso,6.6681,-72.6999,Colombia,CO,Santander,minor,,
San Luis de Sincé,9.2439,-75.1467,Colombia,CO,Sucre,minor,,
Hatillo de Loba,8.9564,-74.0782,Colombia,CO,Bolívar,minor,,
San Juan de Betulia,9.2735,-75.2410,Colombia,CO,Sucre,minor,,
Ragonvalia,7.5775,-72.4757,Colombia,CO,Norte de Santander,minor,,
San Estanislao,10.3983,-75.1511,Colombia,CO,Bolívar,minor,,
Santuario,5.0742,-75.9642,Colombia,CO,Risaralda,minor,,
Támesis,5.6646,-75.7134,Colombia,CO,Antioquia,minor,,
Retiro,6.0586,-75.5031,Colombia,CO,Antioquia,minor,,
Cajibío,2.6227,-76.5704,Colombia,CO,Cauca,minor,,
Ramiriquí,5.4002,-73.3354,Colombia,CO,Boyacá,minor,,
Caucasia,7.9865,-75.1935,Colombia,CO,Antioquia,minor,,
Pital,2.2665,-75.8044,Colombia,CO,Huila,minor,,
Tibaná,5.3173,-73.3965,Colombia,CO,Boyacá,minor,,
Saldaña,3.9292,-75.0152,Colombia,CO,Tolima,minor,,
Guaitarilla,1.1310,-77.5481,Colombia,CO,Nariño,minor,,
Jericó,5.7921,-75.7860,Colombia,CO,Antioquia,minor,,
Sopetrán,6.5018,-75.7431,Colombia,CO,Antioquia,minor,,
Pandi,4.1911,-74.4875,Colombia,CO,Cundinamarca,minor,,
Salgar,5.9650,-75.9654,Colombia,CO,Antioquia,minor,,
Isnos,1.9287,-76.2110,Colombia,CO,Huila,minor,,
San José de Pare,6.0175,-73.5470,Colombia,CO,Boyacá,minor,,
Gigante,2.3868,-75.5453,Colombia,CO,Huila,minor,,
Úmbita,5.2204,-73.4570,Colombia,CO,Boyacá,minor,,
Caramanta,5.5478,-75.6437,Colombia,CO,Antioquia,minor,,
Betulia,6.1128,-75.9838,Colombia,CO,Antioquia,minor,,
Aranzazu,5.2712,-75.4904,Colombia,CO,Caldas,minor,,
Tarso,5.8647,-75.8219,Colombia,CO,Antioquia,minor,,
Palestina,1.7236,-76.1340,Colombia,CO,Huila,minor,,
Betania,5.7460,-75.9777,Colombia,CO,Antioquia,minor,,
Galeras,9.1609,-75.0481,Colombia,CO,Sucre,minor,,
Fúquene,5.4043,-73.7964,Colombia,CO,Cundinamarca,minor,,
Fundación,10.5207,-74.1850,Colombia,CO,Magdalena,minor,,
Mahates,10.2329,-75.1898,Colombia,CO,Bolívar,minor,,
Fonseca,10.8861,-72.8487,Colombia,CO,La Guajira,minor,,
San Marcos,8.6597,-75.1281,Colombia,CO,Sucre,minor,,
Guamo,4.0308,-74.9701,Colombia,CO,Tolima,minor,,
Guachetá,5.3842,-73.6862,Colombia,CO,Cundinamarca,minor,,
Lenguazaque,5.3071,-73.7115,Colombia,CO,Cundinamarca,minor,,
Apulo,4.5195,-74.5929,Colombia,CO,Cundinamarca,minor,,
Iza,5.6120,-72.9793,Colombia,CO,Boyacá,minor,,
Balboa,2.0418,-77.2165,Colombia,CO,Cauca,minor,,
Heliconia,6.2069,-75.7337,Colombia,CO,Antioquia,minor,,
Saravena,6.9632,-71.8823,Colombia,CO,Arauca,minor,,
Los Córdobas,8.8940,-76.3546,Colombia,CO,Córdoba,minor,,
Capitanejo,6.5288,-72.6959,Colombia,CO,Santander,minor,,
Yarumal,6.9632,-75.4174,Colombia,CO,Antioquia,minor,,
Turmequé,5.3236,-73.4907,Colombia,CO,Boyacá,minor,,
Toribío,2.9548,-76.2684,Colombia,CO,Cauca,minor,,
Bosconia,9.9711,-73.8882,Colombia,CO,Cesar,minor,,
Obando,4.5758,-75.9739,Colombia,CO,Valle del Cauca,minor,,
Tubará,10.8744,-74.9789,Colombia,CO,Atlántico,minor,,
Lérida,4.8624,-74.9098,Colombia,CO,Tolima,minor,,
Ráquira,5.5379,-73.6320,Colombia,CO,Boyacá,minor,,
Acacías,3.9869,-73.7580,Colombia,CO,Meta,minor,,
Sora,5.5651,-73.4502,Colombia,CO,Boyacá,minor,,
La Victoria,5.5258,-74.2361,Colombia,CO,Boyacá,minor,,
Acevedo,1.8046,-75.8904,Colombia,CO,Huila,minor,,
Sucre,2.0380,-76.9245,Colombia,CO,Cauca,minor,,
Linares,1.3508,-77.5234,Colombia,CO,Nariño,minor,,
Villanueva,6.6717,-73.1742,Colombia,CO,Santander,minor,,
Tolú Viejo,9.4508,-75.4386,Colombia,CO,Sucre,minor,,
Ocamonte,6.3400,-73.1221,Colombia,CO,Santander,minor,,
La Florida,1.2985,-77.4061,Colombia,CO,Nariño,minor,,
Arroyohondo,10.2522,-75.0198,Colombia,CO,Bolívar,minor,,
Pacho,5.1328,-74.1598,Colombia,CO,Cundinamarca,minor,,
Siachoque,5.5124,-73.2444,Colombia,CO,Boyacá,minor,,
Distracción,10.8978,-72.8867,Colombia,CO,La Guajira,minor,,
Fosca,4.3392,-73.9385,Colombia,CO,Cundinamarca,minor,,
Toca,5.5639,-73.1840,Colombia,CO,Boyacá,minor,,
Ebéjico,6.3260,-75.7683,Colombia,CO,Antioquia,minor,,
Buenavista,4.3597,-75.7389,Colombia,CO,Quindío,minor,,
Cerro de San Antonio,10.3259,-74.8693,Colombia,CO,Magdalena,minor,,
Granada,6.1435,-75.1853,Colombia,CO,Antioquia,minor,,
Venadillo,4.7193,-74.9292,Colombia,CO,Tolima,minor,,
Guadalupe,6.8145,-75.2406,Colombia,CO,Antioquia,minor,,
El Espino,6.4828,-72.4972,Colombia,CO,Boyacá,minor,,
Canalete,8.7856,-76.2406,Colombia,CO,Córdoba,minor,,
Tuta,5.6897,-73.2278,Colombia,CO,Boyacá,minor,,
Montelíbano,7.9797,-75.4195,Colombia,CO,Córdoba,minor,,
La Apartada,8.0491,-75.3373,Colombia,CO,Córdoba,minor,,
Sutamarchán,5.6154,-73.6170,Colombia,CO,Boyacá,minor,,
Somondoco,4.9849,-73.4324,Colombia,CO,Boyacá,minor,,
Muzo,5.5353,-74.1078,Colombia,CO,Boyacá,minor,,
Guamal,9.1433,-74.2238,Colombia,CO,Magdalena,minor,,
San Pablo de Borbur,5.6514,-74.0699,Colombia,CO,Boyacá,minor,,
Páramo,6.4164,-73.1700,Colombia,CO,Santander,minor,,
Planeta Rica,8.4147,-75.5883,Colombia,CO,Córdoba,minor,,
Útica,5.1873,-74.4810,Colombia,CO,Cundinamarca,minor,,
Valparaíso,5.6150,-75.6242,Colombia,CO,Antioquia,minor,,
Ubaque,4.4867,-73.9375,Colombia,CO,Cundinamarca,minor,,
Rivera,2.7772,-75.2564,Colombia,CO,Huila,minor,,
Nariño,5.6089,-75.1766,Colombia,CO,Antioquia,minor,,
San Pedro de Urabá,8.2751,-76.3764,Colombia,CO,Antioquia,minor,,
La Plata,2.3934,-75.8923,Colombia,CO,Huila,minor,,
Viotá,4.4371,-74.5216,Colombia,CO,Cundinamarca,minor,,
Sáchica,5.5845,-73.5418,Colombia,CO,Boyacá,minor,,
El Águila,4.9135,-76.0400,Colombia,CO,Valle del Cauca,minor,,
Chipatá,6.0620,-73.6372,Colombia,CO,Santander,minor,,
Chipaque,4.4425,-74.0442,Colombia,CO,Cundinamarca,minor,,
Filadelfia,5.2961,-75.5612,Colombia,CO,Caldas,minor,,
Cucunubá,5.2496,-73.7661,Colombia,CO,Cundinamarca,minor,,
Vianí,4.8738,-74.5624,Colombia,CO,Cundinamarca,minor,,
Cerinza,5.9557,-72.9478,Colombia,CO,Boyacá,minor,,
Campamento,6.9792,-75.2972,Colombia,CO,Antioquia,minor,,
Sitionuevo,10.7774,-74.7205,Colombia,CO,Magdalena,minor,,
Sapuyes,1.0373,-77.6209,Colombia,CO,Nariño,minor,,
Icononzo,4.1770,-74.5325,Colombia,CO,Tolima,minor,,
Ansermanuevo,4.7972,-75.9950,Colombia,CO,Valle del Cauca,minor,,
San Carlos,8.7958,-75.6995,Colombia,CO,Córdoba,minor,,
Cuítiva,5.5801,-72.9669,Colombia,CO,Boyacá,minor,,
Firavitoba,5.6688,-72.9929,Colombia,CO,Boyacá,minor,,
La Peña,5.1985,-74.3937,Colombia,CO,Cundinamarca,minor,,
Quetame,4.3323,-73.8614,Colombia,CO,Cundinamarca,minor,,
Barranco de Loba,8.9460,-74.1065,Colombia,CO,Bolívar,minor,,
Armenia,6.1564,-75.7872,Colombia,CO,Antioquia,minor,,
San José de Miranda,6.6587,-72.7334,Colombia,CO,Santander,minor,,
Argelia,4.7234,-76.1191,Colombia,CO,Valle del Cauca,minor,,
Cañasgordas,6.7499,-76.0254,Colombia,CO,Antioquia,minor,,
Toledo,7.0131,-75.6953,Colombia,CO,Antioquia,minor,,
Santa Fe de Antioquia,6.5569,-75.8281,Colombia,CO,Antioquia,minor,,
Gamarra,8.3228,-73.7427,Colombia,CO,Cesar,minor,,
Trujillo,4.2122,-76.3194,Colombia,CO,Valle del Cauca,minor,,
Carmen de Apicalá,4.1473,-74.7201,Colombia,CO,Tolima,minor,,
El Playón,7.4713,-73.2031,Colombia,CO,Santander,minor,,
Bolívar,1.8399,-76.9689,Colombia,CO,Cauca,minor,,
Altos del Rosario,8.7916,-74.1656,Colombia,CO,Bolívar,minor,,
Aratoca,6.6943,-73.0187,Colombia,CO,Santander,minor,,
Córdoba,4.3916,-75.6872,Colombia,CO,Quindío,minor,,
Morales,2.7545,-76.6279,Colombia,CO,Cauca,minor,,
Curití,6.6052,-73.0681,Colombia,CO,Santander,minor,,
Pensilvania,5.3835,-75.1612,Colombia,CO,Caldas,minor,,
El Roble,9.1019,-75.1951,Colombia,CO,Sucre,minor,,
Cumbitara,1.6479,-77.5782,Colombia,CO,Nariño,minor,,
Anzoátegui,4.6309,-75.0946,Colombia,CO,Tolima,minor,,
La Victoria,4.5227,-76.0374,Colombia,CO,Valle del Cauca,minor,,
Guaranda,8.4675,-74.5362,Colombia,CO,Sucre,minor,,
Quebradanegra,5.1174,-74.4794,Colombia,CO,Cundinamarca,minor,,
Floresta,5.8590,-72.9188,Colombia,CO,Boyacá,minor,,
Buenavista,5.5138,-73.9491,Colombia,CO,Boyacá,minor,,
Puerto Triunfo,5.8726,-74.6405,Colombia,CO,Antioquia,minor,,
Balboa,4.9498,-75.9583,Colombia,CO,Risaralda,minor,,
Puente Nacional,5.8774,-73.6781,Colombia,CO,Santander,minor,,
Albania,11.1610,-72.5924,Colombia,CO,La Guajira,minor,,
Liborina,6.6779,-75.8122,Colombia,CO,Antioquia,minor,,
Arbeláez,4.2725,-74.4151,Colombia,CO,Cundinamarca,minor,,
El Bordo,2.1170,-76.9821,Colombia,CO,Cauca,minor,,
Guaduas,5.0669,-74.5950,Colombia,CO,Cundinamarca,minor,,
Ánimas,5.2778,-76.6308,Colombia,CO,Chocó,minor,,
Choachí,4.5290,-73.9227,Colombia,CO,Cundinamarca,minor,,
Santo Domingo,6.4722,-75.1647,Colombia,CO,Antioquia,minor,,
Puerto Boyacá,5.9760,-74.5852,Colombia,CO,Boyacá,minor,,
San Fernando,9.2109,-74.3180,Colombia,CO,Bolívar,minor,,
Quipile,4.7452,-74.5338,Colombia,CO,Cundinamarca,minor,,
San Luis,4.1326,-75.0950,Colombia,CO,Tolima,minor,,
Guayabal de Síquima,4.8774,-74.4674,Colombia,CO,Cundinamarca,minor,,
Bugalagrande,4.2121,-76.1556,Colombia,CO,Valle del Cauca,minor,,
La Sierra,2.1783,-76.7626,Colombia,CO,Cauca,minor,,
Pueblo Nuevo,8.5012,-75.5080,Colombia,CO,Córdoba,minor,,
Saboyá,5.6964,-73.7693,Colombia,CO,Boyacá,minor,,
Yotoco,3.8605,-76.3836,Colombia,CO,Valle del Cauca,minor,,
Viracachá,5.4364,-73.2961,Colombia,CO,Boyacá,minor,,
Oicatá,5.5955,-73.3082,Colombia,CO,Boyacá,minor,,
Tununguá,5.7297,-73.9414,Colombia,CO,Boyacá,minor,,
Tarqui,2.1125,-75.8242,Colombia,CO,Huila,minor,,
San Roque,6.4851,-75.0196,Colombia,CO,Antioquia,minor,,
Falan,5.1238,-74.9518,Colombia,CO,Tolima,minor,,
La Merced,5.3996,-75.5472,Colombia,CO,Caldas,minor,,
Suaza,1.9761,-75.7945,Colombia,CO,Huila,minor,,
Barrancas,10.9567,-72.7946,Colombia,CO,La Guajira,minor,,
San Juan Nepomuceno,9.9516,-75.0820,Colombia,CO,Bolívar,minor,,
Buesaco,1.3836,-77.1562,Colombia,CO,Nariño,minor,,
Riofrío,4.1571,-76.2885,Colombia,CO,Valle del Cauca,minor,,
Chimá,9.1489,-75.6284,Colombia,CO,Córdoba,minor,,
Silvia,2.6156,-76.3826,Colombia,CO,Cauca,minor,,
Guavatá,5.9550,-73.7002,Colombia,CO,Santander,minor,,
Entrerríos,6.5654,-75.5169,Colombia,CO,Antioquia,minor,,
Totoró,2.5111,-76.4018,Colombia,CO,Cauca,minor,,
Argelia,5.7313,-75.1426,Colombia,CO,Antioquia,minor,,
Valencia,8.2580,-76.1493,Colombia,CO,Córdoba,minor,,
Pasca,4.3072,-74.3006,Colombia,CO,Cundinamarca,minor,,
California,7.3478,-72.9458,Colombia,CO,Santander,minor,,
Tibacuy,4.3500,-74.4518,Colombia,CO,Cundinamarca,minor,,
Salamina,10.4903,-74.7946,Colombia,CO,Magdalena,minor,,
La Unión,8.8497,-75.2794,Colombia,CO,Sucre,minor,,
Los Santos,6.7534,-73.1047,Colombia,CO,Santander,minor,,
Chalán,9.5477,-75.3113,Colombia,CO,Sucre,minor,,
Nátaga,2.5436,-75.8085,Colombia,CO,Huila,minor,,
San Onofre,9.7359,-75.5263,Colombia,CO,Sucre,minor,,
San Benito,6.1327,-73.4907,Colombia,CO,Santander,minor,,
Pácora,5.5271,-75.4593,Colombia,CO,Caldas,minor,,
Briceño,5.6882,-73.9178,Colombia,CO,Boyacá,minor,,
Tausa,5.1990,-73.8913,Colombia,CO,Cundinamarca,minor,,
Elías,2.0117,-75.9397,Colombia,CO,Huila,minor,,
Arboletes,8.8505,-76.4269,Colombia,CO,Antioquia,minor,,
Florián,5.8049,-73.9703,Colombia,CO,Santander,minor,,
Abejorral,5.7893,-75.4273,Colombia,CO,Antioquia,minor,,
Caicedo,6.4051,-75.9825,Colombia,CO,Antioquia,minor,,
Matanza,7.3223,-73.0152,Colombia,CO,Santander,minor,,
Talaigua Nuevo,9.3035,-74.5648,Colombia,CO,Bolívar,minor,,
Córdoba,0.8536,-77.5182,Colombia,CO,Nariño,minor,,
El Zulia,7.9325,-72.6013,Colombia,CO,Norte de Santander,minor,,
Oiba,6.2639,-73.2988,Colombia,CO,Santander,minor,,
Angostura,6.8851,-75.3347,Colombia,CO,Antioquia,minor,,
Arenal,8.4593,-73.9433,Colombia,CO,Bolívar,minor,,
Tipacoque,6.4203,-72.6918,Colombia,CO,Boyacá,minor,,
Maripí,5.5519,-74.0086,Colombia,CO,Boyacá,minor,,
San Alberto,7.7611,-73.3922,Colombia,CO,Cesar,minor,,
Necoclí,8.4263,-76.7893,Colombia,CO,Antioquia,minor,,
Socha,5.9973,-72.6914,Colombia,CO,Boyacá,minor,,
Barichara,6.6357,-73.2228,Colombia,CO,Santander,minor,,
San Rafael,6.2944,-75.0259,Colombia,CO,Antioquia,minor,,
Leiva,1.9350,-77.3063,Colombia,CO,Nariño,minor,,
Plato,9.7903,-74.7824,Colombia,CO,Magdalena,minor,,
La Cumbre,3.6500,-76.5698,Colombia,CO,Valle del Cauca,minor,,
Pelaya,8.6882,-73.6645,Colombia,CO,Cesar,minor,,
El Cairo,4.7591,-76.2223,Colombia,CO,Valle del Cauca,minor,,
Valle de San José,6.4475,-73.1436,Colombia,CO,Santander,minor,,
Une,4.4031,-74.0253,Colombia,CO,Cundinamarca,minor,,
Chíquiza,5.6041,-73.4852,Colombia,CO,Boyacá,minor,,
Gachetá,4.8185,-73.6366,Colombia,CO,Cundinamarca,minor,,
Busbanzá,5.8305,-72.8842,Colombia,CO,Boyacá,minor,,
Ovejas,9.5272,-75.2287,Colombia,CO,Sucre,minor,,
Coyaima,3.7994,-75.1947,Colombia,CO,Tolima,minor,,
Santa Rosa de Osos,6.6474,-75.4603,Colombia,CO,Antioquia,minor,,
San Francisco,1.1787,-76.8785,Colombia,CO,Putumayo,minor,,
San Antero,9.3741,-75.7589,Colombia,CO,Córdoba,minor,,
Salamina,5.4073,-75.4875,Colombia,CO,Caldas,minor,,
Pauna,5.6586,-73.9825,Colombia,CO,Boyacá,minor,,
El Tablón,1.4272,-77.0969,Colombia,CO,Nariño,minor,,
Albania,5.7589,-73.9138,Colombia,CO,Santander,minor,,
Algeciras,2.5230,-75.3149,Colombia,CO,Huila,minor,,
Tibirita,5.0523,-73.5046,Colombia,CO,Cundinamarca,minor,,
Palermo,2.8917,-75.4375,Colombia,CO,Huila,minor,,
San Sebastián de Buenavista,9.2378,-74.3517,Colombia,CO,Magdalena,minor,,
Togüí,5.9346,-73.5130,Colombia,CO,Boyacá,minor,,
Soatá,6.3337,-72.6828,Colombia,CO,Boyacá,minor,,
Guasca,4.8660,-73.8775,Colombia,CO,Cundinamarca,minor,,
La Capilla,5.0959,-73.4441,Colombia,CO,Boyacá,minor,,
Olaya,6.6277,-75.8127,Colombia,CO,Antioquia,minor,,
Cumbal,0.9087,-77.7915,Colombia,CO,Nariño,minor,,
El Tambo,1.4078,-77.3922,Colombia,CO,Nariño,minor,,
El Peñol,1.4537,-77.4402,Colombia,CO,Nariño,minor,,
Casabianca,5.0796,-75.1206,Colombia,CO,Tolima,minor,,
La Argentina,2.1976,-75.9799,Colombia,CO,Huila,minor,,
Quípama,5.5194,-74.1777,Colombia,CO,Boyacá,minor,,
San Cayetano,7.8771,-72.6243,Colombia,CO,Norte de Santander,minor,,
Belén,5.9889,-72.9125,Colombia,CO,Boyacá,minor,,
Dagua,3.6569,-76.6886,Colombia,CO,Valle del Cauca,minor,,
Caldas,5.5546,-73.8657,Colombia,CO,Boyacá,minor,,
Paispamba,2.2546,-76.6109,Colombia,CO,Cauca,minor,,
Gámeza,5.8026,-72.8059,Colombia,CO,Boyacá,minor,,
Bochalema,7.6110,-72.6477,Colombia,CO,Norte de Santander,minor,,
San Sebastián,1.8386,-76.7719,Colombia,CO,Cauca,minor,,
Gómez Plata,6.6818,-75.2191,Colombia,CO,Antioquia,minor,,
Hobo,2.5833,-75.4500,Colombia,CO,Huila,minor,,
Palmas del Socorro,6.4076,-73.2882,Colombia,CO,Santander,minor,,
San Zenón,9.2422,-74.5004,Colombia,CO,Magdalena,minor,,
Nariño,4.3978,-74.8273,Colombia,CO,Cundinamarca,minor,,
San Andrés,6.9033,-75.6825,Colombia,CO,Antioquia,minor,,
Policarpa,1.6284,-77.4596,Colombia,CO,Nariño,minor,,
Aipe,3.2222,-75.2367,Colombia,CO,Huila,minor,,
El Molino,10.6530,-72.9246,Colombia,CO,La Guajira,minor,,
Boavita,6.3303,-72.5850,Colombia,CO,Boyacá,minor,,
Argelia,2.2556,-77.2488,Colombia,CO,Cauca,minor,,
Giraldo,6.6801,-75.9526,Colombia,CO,Antioquia,minor,,
Santiago,1.1484,-77.0045,Colombia,CO,Putumayo,minor,,
Tangua,1.0947,-77.3948,Colombia,CO,Nariño,minor,,
Miraflores,5.1961,-73.1450,Colombia,CO,Boyacá,minor,,
Puerto Salgar,5.4630,-74.6544,Colombia,CO,Cundinamarca,minor,,
Margarita,9.1560,-74.2662,Colombia,CO,Bolívar,minor,,
Inzá,2.5545,-76.0672,Colombia,CO,Cauca,minor,,
Arcabuco,5.7546,-73.4367,Colombia,CO,Boyacá,minor,,
Puerto Libertador,7.8894,-75.6702,Colombia,CO,Córdoba,minor,,
Confines,6.3563,-73.2413,Colombia,CO,Santander,minor,,
Cajamarca,4.4423,-75.4287,Colombia,CO,Tolima,minor,,
Gramalote,7.8875,-72.7975,Colombia,CO,Norte de Santander,minor,,
Vélez,6.0134,-73.6735,Colombia,CO,Santander,minor,,
San Miguel de Sema,5.5185,-73.7224,Colombia,CO,Boyacá,minor,,
Chitaraque,6.0284,-73.4470,Colombia,CO,Boyacá,minor,,
Corrales,5.8297,-72.8433,Colombia,CO,Boyacá,minor,,
Herrán,7.5061,-72.4833,Colombia,CO,Norte de Santander,minor,,
Íquira,2.6487,-75.6346,Colombia,CO,Huila,minor,,
Bituima,4.8725,-74.5393,Colombia,CO,Cundinamarca,minor,,
Guayatá,4.9642,-73.4875,Colombia,CO,Boyacá,minor,,
Colón,1.1912,-76.9685,Colombia,CO,Putumayo,minor,,
Vergara,5.1184,-74.3455,Colombia,CO,Cundinamarca,minor,,
Colosó,9.4948,-75.3527,Colombia,CO,Sucre,minor,,
Uramita,6.8994,-76.1742,Colombia,CO,Antioquia,minor,,
Zambrano,9.7474,-74.8157,Colombia,CO,Bolívar,minor,,
Suaita,6.1014,-73.4404,Colombia,CO,Santander,minor,,
Sabanalarga,6.8489,-75.8171,Colombia,CO,Antioquia,minor,,
Lourdes,7.9441,-72.8325,Colombia,CO,Norte de Santander,minor,,
Aguazul,5.1728,-72.5471,Colombia,CO,Casanare,minor,,
Villahermosa,5.0307,-75.1161,Colombia,CO,Tolima,minor,,
Chivolo,10.0250,-74.6228,Colombia,CO,Magdalena,minor,,
La Palma,5.3592,-74.3905,Colombia,CO,Cundinamarca,minor,,
San Martín de Loba,8.9360,-74.0398,Colombia,CO,Bolívar,minor,,
Valdivia,7.1643,-75.4391,Colombia,CO,Antioquia,minor,,
Villanueva,4.6121,-72.9276,Colombia,CO,Casanare,minor,,
Alejandría,6.3774,-75.1406,Colombia,CO,Antioquia,minor,,
Regidor,8.6657,-73.8215,Colombia,CO,Bolívar,minor,,
Ortega,3.9361,-75.2217,Colombia,CO,Tolima,minor,,
Gama,4.7629,-73.6109,Colombia,CO,Cundinamarca,minor,,
Paz de Río,5.9845,-72.7505,Colombia,CO,Boyacá,minor,,
La Playa,8.2132,-73.2383,Colombia,CO,Norte de Santander,minor,,
Valle de San Juan,4.1987,-75.1173,Colombia,CO,Tolima,minor,,
Puerto Nare,6.1876,-74.5997,Colombia,CO,Antioquia,minor,,
San Antonio,3.9142,-75.4801,Colombia,CO,Tolima,minor,,
Panqueba,6.4453,-72.4627,Colombia,CO,Boyacá,minor,,
Orito,0.6682,-76.9347,Colombia,CO,Putumayo,minor,,
El Bagre,7.5982,-74.8069,Colombia,CO,Antioquia,minor,,
Majagual,8.5412,-74.6294,Colombia,CO,Sucre,minor,,
Algarrobo,10.1862,-74.0609,Colombia,CO,Magdalena,minor,,
Anzá,6.3032,-75.8538,Colombia,CO,Antioquia,minor,,
Pachavita,5.1397,-73.3974,Colombia,CO,Boyacá,minor,,
Achí,8.5695,-74.5572,Colombia,CO,Bolívar,minor,,
Agrado,2.2573,-75.7714,Colombia,CO,Huila,minor,,
Victoria,5.3165,-74.9110,Colombia,CO,Caldas,minor,,
San Vicente de Chucurí,6.8810,-73.4098,Colombia,CO,Santander,minor,,
Coconuco,2.3425,-76.4958,Colombia,CO,Cauca,minor,,
Yaguará,2.6635,-75.5175,Colombia,CO,Huila,minor,,
Condoto,5.0935,-76.6497,Colombia,CO,Chocó,minor,,
Tinjacá,5.5792,-73.6449,Colombia,CO,Boyacá,minor,,
Caimito,8.7896,-75.1169,Colombia,CO,Sucre,minor,,
Santa Rita,5.1833,-76.4833,Colombia,CO,Chocó,minor,,
Potosí,0.8074,-77.5722,Colombia,CO,Nariño,minor,,
Santa María,2.9390,-75.5858,Colombia,CO,Huila,minor,,
El Peñón,8.9869,-73.9470,Colombia,CO,Bolívar,minor,,
Bocas de Satinga,2.3481,-78.3257,Colombia,CO,Nariño,minor,,
Santa Sofía,5.7091,-73.6040,Colombia,CO,Boyacá,minor,,
Tamalameque,8.8522,-73.8123,Colombia,CO,Cesar,minor,,
El Dovio,4.5079,-76.2362,Colombia,CO,Valle del Cauca,minor,,
El Peñón,5.2526,-74.2907,Colombia,CO,Cundinamarca,minor,,
Ambalema,4.7840,-74.7627,Colombia,CO,Tolima,minor,,
El Difícil,9.8497,-74.2363,Colombia,CO,Magdalena,minor,,
Supatá,5.0610,-74.2372,Colombia,CO,Cundinamarca,minor,,
Samaná,5.4126,-74.9922,Colombia,CO,Caldas,minor,,
San Calixto,8.4021,-73.2074,Colombia,CO,Norte de Santander,minor,,
Pailitas,8.9565,-73.6255,Colombia,CO,Cesar,minor,,
Versalles,4.5754,-76.1981,Colombia,CO,Valle del Cauca,minor,,
Tota,5.5583,-72.9876,Colombia,CO,Boyacá,minor,,
Aguadas,5.6116,-75.4562,Colombia,CO,Caldas,minor,,
Jesús María,5.8772,-73.7810,Colombia,CO,Santander,minor,,
Guapotá,6.3080,-73.3202,Colombia,CO,Santander,minor,,
Pedraza,10.1874,-74.9150,Colombia,CO,Magdalena,minor,,
Pueblo Bello,10.4171,-73.5804,Colombia,CO,Cesar,minor,,
Génova,4.2080,-75.7888,Colombia,CO,Quindío,minor,,
Guatavita,4.9366,-73.8331,Colombia,CO,Cundinamarca,minor,,
San Jacinto del Cauca,8.2498,-74.7208,Colombia,CO,Bolívar,minor,,
El Piñón,10.4028,-74.8242,Colombia,CO,Magdalena,minor,,
Gachantivá,5.7566,-73.5395,Colombia,CO,Boyacá,minor,,
Concepción,6.3941,-75.2583,Colombia,CO,Antioquia,minor,,
Cértegui,5.3707,-76.6044,Colombia,CO,Chocó,minor,,
Alvarado,4.5833,-75.0000,Colombia,CO,Tolima,minor,,
Suárez,2.9540,-76.6964,Colombia,CO,Cauca,minor,,
Berbeo,5.2268,-73.1261,Colombia,CO,Boyacá,minor,,
El Dorado,3.7392,-73.8349,Colombia,CO,Meta,minor,,
Fortul,6.7926,-71.7760,Colombia,CO,Arauca,minor,,
Agustín Codazzi,10.0367,-73.2356,Colombia,CO,Cesar,minor,,
Salahonda,2.0406,-78.6588,Colombia,CO,Nariño,minor,,
Pamplonita,7.4364,-72.6381,Colombia,CO,Norte de Santander,minor,,
La Tola,2.3995,-78.1892,Colombia,CO,Nariño,minor,,
San Andrés,6.8115,-72.8493,Colombia,CO,Santander,minor,,
Villagómez,5.2737,-74.1961,Colombia,CO,Cundinamarca,minor,,
Cumaral,4.2708,-73.4867,Colombia,CO,Meta,minor,,
Machetá,5.0815,-73.6076,Colombia,CO,Cundinamarca,minor,,
San José de la Montaña,6.8503,-75.6833,Colombia,CO,Antioquia,minor,,
Jericó,6.1459,-72.5708,Colombia,CO,Boyacá,minor,,
San Juan de Rioseco,4.8478,-74.6215,Colombia,CO,Cundinamarca,minor,,
Guadalupe,6.2464,-73.4183,Colombia,CO,Santander,minor,,
Tasco,5.9104,-72.7800,Colombia,CO,Boyacá,minor,,
Norcasia,5.5754,-74.8883,Colombia,CO,Caldas,minor,,
Manta,5.0086,-73.5412,Colombia,CO,Cundinamarca,minor,,
Aguada,6.1623,-73.5221,Colombia,CO,Santander,minor,,
Santa Bárbara de Pinto,9.4325,-74.7041,Colombia,CO,Magdalena,minor,,
Landázuri,6.2183,-73.8112,Colombia,CO,Santander,minor,,
Carmen de Carupa,5.3486,-73.9017,Colombia,CO,Cundinamarca,minor,,
Venecia,4.0881,-74.4775,Colombia,CO,Cundinamarca,minor,,
Tadó,5.2660,-76.5649,Colombia,CO,Chocó,minor,,
Guataquí,4.5157,-74.7894,Colombia,CO,Cundinamarca,minor,,
Astrea,9.4983,-73.9759,Colombia,CO,Cesar,minor,,
Guayabal,5.0310,-74.8868,Colombia,CO,Tolima,minor,,
Tenerife,9.9009,-74.8599,Colombia,CO,Magdalena,minor,,
Santa Ana,9.3212,-74.5685,Colombia,CO,Magdalena,minor,,
Natagaima,3.6206,-75.0941,Colombia,CO,Tolima,minor,,
Curumaní,9.1999,-73.5427,Colombia,CO,Cesar,minor,,
La Jagua de Ibirico,9.5623,-73.3341,Colombia,CO,Cesar,minor,,
Paime,5.3705,-74.1522,Colombia,CO,Cundinamarca,minor,,
Carolina,6.7244,-75.2817,Colombia,CO,Antioquia,minor,,
Segovia,7.0799,-74.6989,Colombia,CO,Antioquia,minor,,
San Miguel,6.5758,-72.6459,Colombia,CO,Santander,minor,,
Rovira,4.2392,-75.2400,Colombia,CO,Tolima,minor,,
El Paso,9.6572,-73.7468,Colombia,CO,Cesar,minor,,
Briceño,7.1110,-75.5515,Colombia,CO,Antioquia,minor,,
Chinavita,5.1672,-73.3682,Colombia,CO,Boyacá,minor,,
Mistrató,5.2973,-75.8832,Colombia,CO,Risaralda,minor,,
Zaragoza,7.4897,-74.8692,Colombia,CO,Antioquia,minor,,
La Belleza,5.8637,-73.9617,Colombia,CO,Santander,minor,,
Teorama,8.4363,-73.2898,Colombia,CO,Norte de Santander,minor,,
Mercaderes,1.7964,-77.1640,Colombia,CO,Cauca,minor,,
Ábrego,8.0806,-73.2205,Colombia,CO,Norte de Santander,minor,,
Sotaquirá,5.7648,-73.2476,Colombia,CO,Boyacá,minor,,
Sucre,8.8114,-74.7208,Colombia,CO,Sucre,minor,,
San Juan del Cesar,10.7711,-73.0031,Colombia,CO,La Guajira,minor,,
Pijiño del Carmen,9.3291,-74.4530,Colombia,CO,Magdalena,minor,,
Buenavista,8.2225,-75.4817,Colombia,CO,Córdoba,minor,,
Uribia,11.7150,-72.2659,Colombia,CO,La Guajira,minor,,
Nechí,8.0942,-74.7757,Colombia,CO,Antioquia,minor,,
Chimichagua,9.2578,-73.8123,Colombia,CO,Cesar,minor,,
Puerto Asís,0.5051,-76.4957,Colombia,CO,Putumayo,minor,,
Guacamayas,6.4624,-72.5047,Colombia,CO,Boyacá,minor,,
El Copey,10.1503,-73.9614,Colombia,CO,Cesar,minor,,
El Carmen de Chucurí,6.6974,-73.5112,Colombia,CO,Santander,minor,,
Jordán,6.7330,-73.0959,Colombia,CO,Santander,minor,,
Suárez,4.0491,-74.8320,Colombia,CO,Tolima,minor,,
Belmira,6.6051,-75.6662,Colombia,CO,Antioquia,minor,,
San Carlos,6.1879,-74.9931,Colombia,CO,Antioquia,minor,,
El Peñón,6.0549,-73.8152,Colombia,CO,Santander,minor,,
Peque,7.0212,-75.9093,Colombia,CO,Antioquia,minor,,
Beltrán,4.8017,-74.7418,Colombia,CO,Cundinamarca,minor,,
San Bernardo,4.1786,-74.4231,Colombia,CO,Cundinamarca,minor,,
Pivijay,10.4617,-74.6162,Colombia,CO,Magdalena,minor,,
Covarachía,6.5056,-72.7331,Colombia,CO,Boyacá,minor,,
Vetas,7.3091,-72.8712,Colombia,CO,Santander,minor,,
Restrepo,4.2583,-73.5614,Colombia,CO,Meta,minor,,
Morelia,1.4875,-75.7258,Colombia,CO,Caquetá,minor,,
Saladoblanco,1.9924,-76.0434,Colombia,CO,Huila,minor,,
Macanal,4.9721,-73.3196,Colombia,CO,Boyacá,minor,,
Monterrey,4.8780,-72.8958,Colombia,CO,Casanare,minor,,
San Mateo,6.4020,-72.5531,Colombia,CO,Boyacá,minor,,
Contratación,6.2901,-73.4735,Colombia,CO,Santander,minor,,
Río de Oro,8.2919,-73.3849,Colombia,CO,Cesar,minor,,
Tello,3.0669,-75.1378,Colombia,CO,Huila,minor,,
Santa Isabel,4.7142,-75.0980,Colombia,CO,Tolima,minor,,
San Luis,6.0434,-74.9937,Colombia,CO,Antioquia,minor,,
Tesalia,2.4859,-75.7292,Colombia,CO,Huila,minor,,
San Agustín,1.8786,-76.2756,Colombia,CO,Huila,minor,,
Topaipí,5.3346,-74.3029,Colombia,CO,Cundinamarca,minor,,
Pesca,5.5500,-73.0500,Colombia,CO,Boyacá,minor,,
Almeida,4.9708,-73.3797,Colombia,CO,Boyacá,minor,,
Aracataca,10.5918,-74.1898,Colombia,CO,Magdalena,minor,,
Caparrapí,5.3464,-74.4915,Colombia,CO,Cundinamarca,minor,,
Punta de Piedras,10.1686,-74.7168,Colombia,CO,Magdalena,minor,,
Herveo,5.0800,-75.1756,Colombia,CO,Tolima,minor,,
Charalá,6.2858,-73.1472,Colombia,CO,Santander,minor,,
Puerto Wilches,7.3483,-73.8960,Colombia,CO,Santander,minor,,
Hacarí,8.3233,-73.1489,Colombia,CO,Norte de Santander,minor,,
Yolombó,6.5984,-75.0114,Colombia,CO,Antioquia,minor,,
Altamira,2.0628,-75.7872,Colombia,CO,Huila,minor,,
Andagoya,5.0977,-76.6958,Colombia,CO,Chocó,minor,,
Chaparral,3.7231,-75.4832,Colombia,CO,Tolima,minor,,
Zapatoca,6.8153,-73.2677,Colombia,CO,Santander,minor,,
La Llanada,1.4731,-77.5802,Colombia,CO,Nariño,minor,,
Fuente de Oro,3.4626,-73.6216,Colombia,CO,Meta,minor,,
Yuto,5.5317,-76.6351,Colombia,CO,Chocó,minor,,
Charta,7.2803,-72.9678,Colombia,CO,Santander,minor,,
Buriticá,6.7187,-75.9073,Colombia,CO,Antioquia,minor,,
Tierralta,8.1736,-76.0592,Colombia,CO,Córdoba,minor,,
Molagavita,6.6732,-72.8087,Colombia,CO,Santander,minor,,
San Benito Abad,8.9290,-75.0271,Colombia,CO,Sucre,minor,,
Tarazá,7.5836,-75.4007,Colombia,CO,Antioquia,minor,,
Nueva Granada,9.8017,-74.3930,Colombia,CO,Magdalena,minor,,
Coper,5.4768,-74.0442,Colombia,CO,Boyacá,minor,,
Ataco,3.5915,-75.3818,Colombia,CO,Tolima,minor,,
Maceo,6.5520,-74.7874,Colombia,CO,Antioquia,minor,,
El Doncello,1.6782,-75.2847,Colombia,CO,Caquetá,minor,,
El Carmen de Atrato,5.8986,-76.1421,Colombia,CO,Chocó,minor,,
Pijao,4.3335,-75.7046,Colombia,CO,Quindío,minor,,
Caracolí,6.4092,-74.7572,Colombia,CO,Antioquia,minor,,
Puerres,0.8837,-77.5032,Colombia,CO,Nariño,minor,,
Mutiscua,7.3006,-72.7467,Colombia,CO,Norte de Santander,minor,,
Tona,7.2022,-72.9650,Colombia,CO,Santander,minor,,
Fómeque,4.4880,-73.8975,Colombia,CO,Cundinamarca,minor,,
Guaca,6.8762,-72.8559,Colombia,CO,Santander,minor,,
Ubalá,4.7439,-73.5347,Colombia,CO,Cundinamarca,minor,,
Castilla La Nueva,3.8272,-73.6883,Colombia,CO,Meta,minor,,
Otanche,5.6567,-74.1825,Colombia,CO,Boyacá,minor,,
La Jagua del Pilar,10.5106,-73.0718,Colombia,CO,La Guajira,minor,,
San Francisco,5.9643,-75.1016,Colombia,CO,Antioquia,minor,,
San Diego,10.3362,-73.1820,Colombia,CO,Cesar,minor,,
Salento,4.6375,-75.5703,Colombia,CO,Quindío,minor,,
Mosquera,2.5086,-78.4511,Colombia,CO,Nariño,minor,,
Vegachí,6.7614,-74.7947,Colombia,CO,Antioquia,minor,,
Yalí,6.6746,-74.8343,Colombia,CO,Antioquia,minor,,
Betéitiva,5.9110,-72.8093,Colombia,CO,Boyacá,minor,,
Dibulla,11.2725,-73.3091,Colombia,CO,La Guajira,minor,,
El Guamo,10.0316,-74.9761,Colombia,CO,Bolívar,minor,,
Junín,4.7903,-73.6601,Colombia,CO,Cundinamarca,minor,,
Cucutilla,7.5394,-72.7724,Colombia,CO,Norte de Santander,minor,,
Darién,3.9306,-76.4848,Colombia,CO,Valle del Cauca,minor,,
Pie de Pató,5.5160,-76.9745,Colombia,CO,Chocó,minor,,
La Paz,10.3844,-73.1733,Colombia,CO,Cesar,minor,,
Mogotes,6.4756,-72.9705,Colombia,CO,Santander,minor,,
Amalfi,6.9102,-75.0776,Colombia,CO,Antioquia,minor,,
Prado,3.7512,-74.9300,Colombia,CO,Tolima,minor,,
Santa Rosa del Sur,7.9624,-74.0584,Colombia,CO,Bolívar,minor,,
Morales,8.2752,-73.8688,Colombia,CO,Bolívar,minor,,
Guayabetal,4.2147,-73.8172,Colombia,CO,Cundinamarca,minor,,
San Pablo,7.4775,-73.9226,Colombia,CO,Bolívar,minor,,
Bolívar,4.3387,-76.1834,Colombia,CO,Valle del Cauca,minor,,
San Martín,8.0015,-73.5113,Colombia,CO,Cesar,minor,,
Sotomayor,1.4947,-77.5214,Colombia,CO,Nariño,minor,,
San José,1.6966,-78.2448,Colombia,CO,Nariño,minor,,
Puerto Concordia,2.6221,-72.7572,Colombia,CO,Meta,minor,,
Córdoba,9.5861,-74.8271,Colombia,CO,Bolívar,minor,,
Managrú,5.3365,-76.7276,Colombia,CO,Chocó,minor,,
El Cocuy,6.4115,-72.4488,Colombia,CO,Boyacá,minor,,
El Rosario,1.7440,-77.3348,Colombia,CO,Nariño,minor,,
Paicol,2.4496,-75.7750,Colombia,CO,Huila,minor,,
Belalcázar,2.6464,-75.9727,Colombia,CO,Cauca,minor,,
Durania,7.7131,-72.6576,Colombia,CO,Norte de Santander,minor,,
Pueblo Rico,5.2226,-76.0303,Colombia,CO,Risaralda,minor,,
Chaguaní,4.9483,-74.5939,Colombia,CO,Cundinamarca,minor,,
Macaravita,6.5057,-72.5930,Colombia,CO,Santander,minor,,
Cunday,4.0600,-74.6921,Colombia,CO,Tolima,minor,,
San Cayetano,5.3359,-74.0266,Colombia,CO,Cundinamarca,minor,,
Cáchira,7.7410,-73.0483,Colombia,CO,Norte de Santander,minor,,
La Paz,6.1785,-73.5895,Colombia,CO,Santander,minor,,
Chiriguaná,9.3624,-73.6031,Colombia,CO,Cesar,minor,,
Sativasur,6.0896,-72.7243,Colombia,CO,Boyacá,minor,,
Norosí,8.5269,-74.0374,Colombia,CO,Bolívar,minor,,
El Tambo,2.4520,-76.8103,Colombia,CO,Cauca,minor,,
Río Viejo,8.5874,-73.8390,Colombia,CO,Bolívar,minor,,
La Esperanza,7.6406,-73.3276,Colombia,CO,Norte de Santander,minor,,
Aquitania,5.5186,-72.8839,Colombia,CO,Boyacá,minor,,
Chima,6.3443,-73.3739,Colombia,CO,Santander,minor,,
El Paujíl,1.5701,-75.3286,Colombia,CO,Caquetá,minor,,
Urrao,6.3152,-76.1342,Colombia,CO,Antioquia,minor,,
Carcasí,6.6271,-72.6262,Colombia,CO,Santander,minor,,
Cepitá,6.7543,-72.9744,Colombia,CO,Santander,minor,,
Zetaquira,5.2822,-73.1690,Colombia,CO,Boyacá,minor,,
Puerto Caicedo,0.6836,-76.6044,Colombia,CO,Putumayo,minor,,
San Carlos de Guaroa,3.7116,-73.2434,Colombia,CO,Meta,minor,,
Planadas,3.1970,-75.6451,Colombia,CO,Tolima,minor,,
Cáceres,7.5808,-75.3484,Colombia,CO,Antioquia,minor,,
Arboledas,7.6423,-72.7994,Colombia,CO,Norte de Santander,minor,,
Frontino,6.7801,-76.1288,Colombia,CO,Antioquia,minor,,
Rondón,5.3564,-73.2092,Colombia,CO,Boyacá,minor,,
Rionegro,7.2646,-73.1501,Colombia,CO,Santander,minor,,
Piedras,4.5426,-74.8782,Colombia,CO,Tolima,minor,,
San Joaquín,6.4300,-72.8677,Colombia,CO,Santander,minor,,
Sucre,5.9183,-73.7911,Colombia,CO,Santander,minor,,
Salazar,7.7739,-72.8124,Colombia,CO,Norte de Santander,minor,,
Villagarzón,1.0290,-76.6202,Colombia,CO,Putumayo,minor,,
Teruel,2.7419,-75.5674,Colombia,CO,Huila,minor,,
La Gloria,8.6187,-73.8027,Colombia,CO,Cesar,minor,,
Curillo,1.0333,-75.9191,Colombia,CO,Caquetá,minor,,
Ricaurte,1.2147,-77.9980,Colombia,CO,Nariño,minor,,
San Eduardo,5.2240,-73.0770,Colombia,CO,Boyacá,minor,,
Guamal,3.8804,-73.7657,Colombia,CO,Meta,minor,,
Yacopí,5.4595,-74.3382,Colombia,CO,Cundinamarca,minor,,
Arauquita,7.0292,-71.4281,Colombia,CO,Arauca,minor,,
Piojó,10.7485,-75.1078,Colombia,CO,Atlántico,minor,,
Mutatá,7.2441,-76.4356,Colombia,CO,Antioquia,minor,,
Cimitarra,6.3142,-73.9497,Colombia,CO,Santander,minor,,
Sardinata,8.0829,-72.8007,Colombia,CO,Norte de Santander,minor,,
Tutazá,6.0323,-72.8564,Colombia,CO,Boyacá,minor,,
Bucarasica,8.0410,-72.8654,Colombia,CO,Norte de Santander,minor,,
Concepción,6.7662,-72.6940,Colombia,CO,Santander,minor,,
Chámeza,5.2142,-72.8695,Colombia,CO,Casanare,minor,,
Beté,5.9946,-76.7812,Colombia,CO,Chocó,minor,,
Susacón,6.2298,-72.6901,Colombia,CO,Boyacá,minor,,
Tauramena,5.0179,-72.7468,Colombia,CO,Casanare,minor,,
Gachalá,4.6924,-73.5204,Colombia,CO,Cundinamarca,minor,,
Cerrito,6.8431,-72.6940,Colombia,CO,Santander,minor,,
Istmina,5.1605,-76.6840,Colombia,CO,Chocó,minor,,
Santiago,7.8643,-72.7162,Colombia,CO,Norte de Santander,minor,,
Paimadó,5.4831,-76.7405,Colombia,CO,Chocó,minor,,
Sabana de Torres,7.3915,-73.4957,Colombia,CO,Santander,minor,,
Payán,1.7664,-78.1833,Colombia,CO,Nariño,minor,,
Lloró,5.4960,-76.5494,Colombia,CO,Chocó,minor,,
La Montañita,1.4802,-75.4366,Colombia,CO,Caquetá,minor,,
El Charco,2.4793,-78.1097,Colombia,CO,Nariño,minor,,
Convención,8.4689,-73.3377,Colombia,CO,Norte de Santander,minor,,
Unguía,8.0450,-77.0900,Colombia,CO,Chocó,minor,,
Hato,6.5430,-73.3083,Colombia,CO,Santander,minor,,
San Ángel,10.0305,-74.2148,Colombia,CO,Magdalena,minor,,
Dabeiba,7.0017,-76.2672,Colombia,CO,Antioquia,minor,,
Silos,7.2052,-72.7564,Colombia,CO,Norte de Santander,minor,,
Cácota,7.2679,-72.6420,Colombia,CO,Norte de Santander,minor,,
Villavieja,3.2205,-75.2186,Colombia,CO,Huila,minor,,
Piedrancha,1.1411,-77.8648,Colombia,CO,Nariño,minor,,
Chivor,4.8856,-73.3689,Colombia,CO,Boyacá,minor,,
El Tarra,8.5756,-73.0949,Colombia,CO,Norte de Santander,minor,,
Remedios,7.0283,-74.6938,Colombia,CO,Antioquia,minor,,
Coromoro,6.2946,-73.0402,Colombia,CO,Santander,minor,,
Pulí,4.6812,-74.7141,Colombia,CO,Cundinamarca,minor,,
Santa María,4.8605,-73.2623,Colombia,CO,Boyacá,minor,,
San Luis de Palenque,5.4214,-71.7317,Colombia,CO,Casanare,minor,,
Acandí,8.5114,-77.2778,Colombia,CO,Chocó,minor,,
Villa Caro,7.9143,-72.9714,Colombia,CO,Norte de Santander,minor,,
Simití,7.9579,-73.9436,Colombia,CO,Bolívar,minor,,
Ituango,7.1712,-75.7640,Colombia,CO,Antioquia,minor,,
Barbacoas,1.6715,-78.1398,Colombia,CO,Nariño,minor,,
Remolino,10.7020,-74.7160,Colombia,CO,Magdalena,minor,,
Cantagallo,7.3793,-73.9155,Colombia,CO,Bolívar,minor,,
Sativanorte,6.1316,-72.7089,Colombia,CO,Boyacá,minor,,
Mongua,5.7508,-72.8034,Colombia,CO,Boyacá,minor,,
Dolores,3.5391,-74.8975,Colombia,CO,Tolima,minor,,
Santa Bárbara,6.9902,-72.9070,Colombia,CO,Santander,minor,,
Baraya,3.1533,-75.0531,Colombia,CO,Huila,minor,,
Anorí,7.0727,-75.1477,Colombia,CO,Antioquia,minor,,
Bagadó,5.4116,-76.4152,Colombia,CO,Chocó,minor,,
Montecristo,8.2971,-74.4733,Colombia,CO,Bolívar,minor,,
Campohermoso,5.0313,-73.1033,Colombia,CO,Boyacá,minor,,
Solita,0.8752,-75.6194,Colombia,CO,Caquetá,minor,,
Iscuandé,2.4506,-77.9800,Colombia,CO,Nariño,minor,,
La Uvita,6.3206,-72.5628,Colombia,CO,Boyacá,minor,,
Tibú,8.6390,-72.7358,Colombia,CO,Norte de Santander,minor,,
Galán,6.6378,-73.2888,Colombia,CO,Santander,minor,,
San José del Fragua,1.3320,-75.9741,Colombia,CO,Caquetá,minor,,
Puerto Parra,6.6515,-74.0573,Colombia,CO,Santander,minor,,
Betulia,6.9007,-73.2835,Colombia,CO,Santander,minor,,
Murillo,4.8739,-75.1715,Colombia,CO,Tolima,minor,,
Socotá,6.0403,-72.6351,Colombia,CO,Boyacá,minor,,
Pore,5.7279,-71.9927,Colombia,CO,Casanare,minor,,
San Luis de Gaceno,4.8205,-73.1685,Colombia,CO,Boyacá,minor,,
Becerril,9.7041,-73.2793,Colombia,CO,Cesar,minor,,
Chita,6.1905,-72.4759,Colombia,CO,Boyacá,minor,,
Toledo,7.3098,-72.4829,Colombia,CO,Norte de Santander,minor,,
Rioblanco,3.5297,-75.6452,Colombia,CO,Tolima,minor,,
Mutis,6.2262,-77.4044,Colombia,CO,Chocó,minor,,
Abriaquí,6.6315,-76.0644,Colombia,CO,Antioquia,minor,,
Cabrera,3.9860,-74.4828,Colombia,CO,Cundinamarca,minor,,
Belén de los Andaquíes,1.4183,-75.8775,Colombia,CO,Caquetá,minor,,
Villarrica,3.9350,-74.6004,Colombia,CO,Tolima,minor,,
Jerusalén,4.5631,-74.6952,Colombia,CO,Cundinamarca,minor,,
Alpujarra,3.3918,-74.9334,Colombia,CO,Tolima,minor,,
Bolívar,5.9893,-73.7706,Colombia,CO,Santander,minor,,
Puerto Meluk,5.2213,-76.9369,Colombia,CO,Chocó,minor,,
Albania,1.3287,-75.8782,Colombia,CO,Caquetá,minor,,
Valparaíso,1.1940,-75.7075,Colombia,CO,Caquetá,minor,,
Yondó,7.0062,-73.9097,Colombia,CO,Antioquia,minor,,
Santa Helena del Opón,6.3400,-73.6170,Colombia,CO,Santander,minor,,
El Guacamayo,6.2452,-73.4966,Colombia,CO,Santander,minor,,
Onzaga,6.3443,-72.8173,Colombia,CO,Santander,minor,,
Barranca de Upía,4.5696,-72.9668,Colombia,CO,Meta,minor,,
Funes,1.0007,-77.4492,Colombia,CO,Nariño,minor,,
Timbiquí,2.7717,-77.6654,Colombia,CO,Cauca,minor,,
Gámbita,5.9460,-73.3443,Colombia,CO,Santander,minor,,
San Juanito,4.4610,-73.6805,Colombia,CO,Meta,minor,,
Paratebueno,4.3758,-73.2155,Colombia,CO,Cundinamarca,minor,,
Suratá,7.3663,-72.9836,Colombia,CO,Santander,minor,,
Simacota,6.4429,-73.3369,Colombia,CO,Santander,minor,,
Puerto Rico,1.9100,-75.1593,Colombia,CO,Caquetá,minor,,
Chitagá,7.1378,-72.6646,Colombia,CO,Norte de Santander,minor,,
Lejanías,3.5276,-74.0234,Colombia,CO,Meta,minor,,
El Castillo,3.5636,-73.7949,Colombia,CO,Meta,minor,,
Marulanda,5.2839,-75.2602,Colombia,CO,Caldas,minor,,
El Carmen,8.5106,-73.4478,Colombia,CO,Norte de Santander,minor,,
Labranzagrande,5.5622,-72.5750,Colombia,CO,Boyacá,minor,,
Nunchía,5.6373,-72.1951,Colombia,CO,Casanare,minor,,
La Salina,6.1316,-72.3384,Colombia,CO,Casanare,minor,,
Gutiérrez,4.2547,-74.0025,Colombia,CO,Cundinamarca,minor,,
Piamonte,1.1200,-76.3213,Colombia,CO,Cauca,minor,,
Nóvita,4.9551,-76.6053,Colombia,CO,Chocó,minor,,
San Juan de Arama,3.3699,-73.8727,Colombia,CO,Meta,minor,,
Páez,5.1011,-73.0512,Colombia,CO,Boyacá,minor,,
Colombia,3.3761,-74.8015,Colombia,CO,Huila,minor,,
Milán,1.2903,-75.5076,Colombia,CO,Caquetá,minor,,
Támara,5.8300,-72.1629,Colombia,CO,Casanare,minor,,
Güicán,6.4655,-72.4154,Colombia,CO,Boyacá,minor,,
Trinidad,5.4085,-71.6620,Colombia,CO,Casanare,minor,,
Medina,4.5101,-73.3498,Colombia,CO,Cundinamarca,minor,,
El Calvario,4.3534,-73.7115,Colombia,CO,Meta,minor,,
Roncesvalles,4.0108,-75.6049,Colombia,CO,Tolima,minor,,
Chiscas,6.5564,-72.5038,Colombia,CO,Boyacá,minor,,
Paya,5.6667,-72.3817,Colombia,CO,Boyacá,minor,,
López,2.8454,-77.2479,Colombia,CO,Cauca,minor,,
Pizarro,4.9533,-77.3660,Colombia,CO,Chocó,minor,,
Cubará,7.0058,-72.1057,Colombia,CO,Boyacá,minor,,
Puerto Guzmán,0.9645,-76.4080,Colombia,CO,Putumayo,minor,,
Puerto Rico,2.9383,-73.2083,Colombia,CO,Meta,minor,,
Sabanalarga,4.8543,-73.0400,Colombia,CO,Casanare,minor,,
Vistahermosa,3.1243,-73.7516,Colombia,CO,Meta,minor,,
Cubarral,3.7935,-73.8406,Colombia,CO,Meta,minor,,
Cabuyaro,4.2817,-72.7940,Colombia,CO,Meta,minor,,
Pajarito,5.2929,-72.7028,Colombia,CO,Boyacá,minor,,
La Macarena,2.1837,-73.7848,Colombia,CO,Meta,minor,,
Santa Genoveva de Docordó,4.2587,-77.3652,Colombia,CO,Chocó,minor,,
Mesetas,3.3846,-74.0442,Colombia,CO,Meta,minor,,
Vigía del Fuerte,6.5893,-76.8960,Colombia,CO,Antioquia,minor,,
Puerto Lleras,3.2694,-73.3754,Colombia,CO,Meta,minor,,
Mapiripán,2.8912,-72.1333,Colombia,CO,Meta,minor,,
Sácama,6.0991,-72.2488,Colombia,CO,Casanare,minor,,
Maní,4.8164,-72.2795,Colombia,CO,Casanare,minor,,
Murindó,6.9806,-76.8212,Colombia,CO,Antioquia,minor,,
Santa Rosa,1.7027,-76.5739,Colombia,CO,Cauca,minor,,
Sipí,4.6537,-76.6444,Colombia,CO,Chocó,minor,,
Paz de Ariporo,5.8815,-71.8917,Colombia,CO,Casanare,minor,,
Hato Corozal,6.1618,-71.7674,Colombia,CO,Casanare,minor,,
Bellavista,6.5564,-76.8839,Colombia,CO,Chocó,minor,,
Cartagena del Chairá,1.3349,-74.8429,Colombia,CO,Caquetá,minor,,
Pisba,5.7240,-72.4865,Colombia,CO,Boyacá,minor,,
San José del Palmar,4.8962,-76.2342,Colombia,CO,Chocó,minor,,
Uribe,3.2409,-74.3550,Colombia,CO,Meta,minor,,
Riosucio,7.4435,-77.1196,Colombia,CO,Chocó,minor,,
El Retorno,2.3302,-72.6276,Colombia,CO,Guaviare,minor,,
Curbaradó,7.1578,-76.9711,Colombia,CO,Chocó,minor,,
Encino,6.1373,-73.0985,Colombia,CO,Santander,minor,,
Puerto Rondón,6.2805,-71.1000,Colombia,CO,Arauca,minor,,
Puerto Leguízamo,-0.1934,-74.7819,Colombia,CO,Putumayo,minor,,
Santa Rosalía,5.1393,-70.8588,Colombia,CO,Vichada,minor,,
Puerto Gaitán,4.3133,-72.0816,Colombia,CO,Meta,minor,,
Miraflores,1.3367,-71.9511,Colombia,CO,Guaviare,minor,,
Carurú,1.0140,-71.2962,Colombia,CO,Vaupés,minor,,
Calamar,1.9596,-72.6531,Colombia,CO,Guaviare,minor,,
Solano,0.6994,-75.2535,Colombia,CO,Caquetá,minor,,
La Primavera,5.4906,-70.4092,Colombia,CO,Vichada,minor,,
Cravo Norte,6.3017,-70.2042,Colombia,CO,Arauca,minor,,
Cumaribo,4.4455,-69.7990,Colombia,CO,Vichada,minor,,
Taraira,-0.5636,-69.6336,Colombia,CO,Vaupés,minor,,
San José de Uré,7.7864,-75.5337,Colombia,CO,Córdoba,minor,,
